Source City,Destination City,Distance,Weight (MT),Schd. Date,Material,Truck Type,Posted By,Details,Quotation,timestamp
Deharadun (UT),Bangalore (KA),"2,369 km",Upto 12 MT,10-Mar-2025,Others,Container Trucks,Customer,View Contact,Quote Now,20250226_0906_23
Deharadun (UT),Bangalore (KA),"2,369 km",Upto 12 MT,10-Mar-2025,Others,Container Trucks,Customer,View Contact,Quote Now,20250226_0916_27
Bangalore (KA),Noida (UP),"2,130 km",Upto 12 MT,26-Feb-2025,Others,Truck 15MT / 10 w...,Transporter,View Contact,Quote Now,20250226_0932_05
Jamui (BR),Noida (UP),"1,180 km",Upto 12 MT,26-Feb-2025,Others,Truck 20MT / 12 w...,Transporter,View Contact,Quote Now,20250226_0932_05
Deharadun (UT),Bangalore (KA),"2,369 km",Upto 12 MT,10-Mar-2025,Others,Container Trucks,Customer,View Contact,Quote Now,20250226_0932_05
Bangalore (KA),Noida (UP),"2,130 km",Upto 12 MT,26-Feb-2025,Others,Truck 15MT / 10 w...,Transporter,View Contact,Quote Now,20250226_0942_09
Jamui (BR),Noida (UP),"1,180 km",Upto 12 MT,26-Feb-2025,Others,Truck 20MT / 12 w...,Transporter,View Contact,Quote Now,20250226_0942_09
Jamui (BR),Nagpur (MH),"1,126 km",Do Not Know,26-Feb-2025,Others,Canters 17feet / ...,Transporter,View Contact,Quote Now,20250226_0942_09
Nagpur (MH),Hisar (HR),"1,302 km",Do Not Know,26-Feb-2025,Packed Food,Canters 19feet / ...,Transporter,View Contact,Quote Now,20250226_0942_09
Deharadun (UT),Bangalore (KA),"2,369 km",Upto 12 MT,10-Mar-2025,Others,Container Trucks,Customer,View Contact,Quote Now,20250226_0942_09
Bangalore (KA),Noida (UP),"2,130 km",Upto 12 MT,26-Feb-2025,Others,Truck 15MT / 10 w...,Transporter,View Contact,Quote Now,20250226_1002_50
Jamui (BR),Noida (UP),"1,180 km",Upto 12 MT,26-Feb-2025,Others,Truck 20MT / 12 w...,Transporter,View Contact,Quote Now,20250226_1002_50
Jamui (BR),Nagpur (MH),"1,126 km",Do Not Know,26-Feb-2025,Others,Canters 17feet / ...,Transporter,View Contact,Quote Now,20250226_1002_50
Nagpur (MH),Hisar (HR),"1,302 km",Do Not Know,26-Feb-2025,Packed Food,Canters 19feet / ...,Transporter,View Contact,Quote Now,20250226_1002_50
Bhagabannagar (TR),Hyd (AP),"2,754 km",Do Not Know,26-Feb-2025,Others,Canters 19feet / ...,Transporter,View Contact,Quote Now,20250226_1002_50
Yavatmal (MH),Vapi (GJ),655 km,Upto 12 MT,26-Feb-2025,Others,Truck 15MT / 10 w...,Transporter,View Contact,Quote Now,20250226_1002_50
Yavatmal (MH),Surada (OR),879 km,Upto 12 MT,26-Feb-2025,Others,Truck 15MT / 10 w...,Transporter,View Contact,Quote Now,20250226_1002_50
Bhagalpur (BR),Bihar (BR),216 km,Do Not Know,26-Feb-2025,Others,Canters 17feet / ...,Transporter,View Contact,Quote Now,20250226_1002_50
Deharadun (UT),Bangalore (KA),"2,369 km",Upto 12 MT,10-Mar-2025,Others,Container Trucks,Customer,View Contact,Quote Now,20250226_1002_50
Bangalore (KA),Noida (UP),"2,130 km",Upto 12 MT,26-Feb-2025,Others,Truck 15MT / 10 w...,Transporter,View Contact,Quote Now,20250226_1014_23
Jamui (BR),Noida (UP),"1,180 km",Upto 12 MT,26-Feb-2025,Others,Truck 20MT / 12 w...,Transporter,View Contact,Quote Now,20250226_1014_23
Jamui (BR),Nagpur (MH),"1,126 km",Do Not Know,26-Feb-2025,Others,Canters 17feet / ...,Transporter,View Contact,Quote Now,20250226_1014_23
Nagpur (MH),Hisar (HR),"1,302 km",Do Not Know,26-Feb-2025,Packed Food,Canters 19feet / ...,Transporter,View Contact,Quote Now,20250226_1014_23
Bhagabannagar (TR),Hyd (AP),"2,754 km",Do Not Know,26-Feb-2025,Others,Canters 19feet / ...,Transporter,View Contact,Quote Now,20250226_1014_23
Yavatmal (MH),Vapi (GJ),655 km,Upto 12 MT,26-Feb-2025,Others,Truck 15MT / 10 w...,Transporter,View Contact,Quote Now,20250226_1014_23
Yavatmal (MH),Surada (OR),879 km,Upto 12 MT,26-Feb-2025,Others,Truck 15MT / 10 w...,Transporter,View Contact,Quote Now,20250226_1014_23
Bhagalpur (BR),Bihar (BR),216 km,Do Not Know,26-Feb-2025,Others,Canters 17feet / ...,Transporter,View Contact,Quote Now,20250226_1014_23
Deharadun (UT),Bangalore (KA),"2,369 km",Upto 12 MT,10-Mar-2025,Others,Container Trucks,Customer,View Contact,Quote Now,20250226_1014_23
Bangalore (KA),Noida (UP),"2,130 km",Upto 12 MT,26-Feb-2025,Others,Truck 15MT / 10 w...,Transporter,View Contact,Quote Now,20250226_1024_25
Jamui (BR),Noida (UP),"1,180 km",Upto 12 MT,26-Feb-2025,Others,Truck 20MT / 12 w...,Transporter,View Contact,Quote Now,20250226_1024_25
Jamui (BR),Nagpur (MH),"1,126 km",Do Not Know,26-Feb-2025,Others,Canters 17feet / ...,Transporter,View Contact,Quote Now,20250226_1024_25
Nagpur (MH),Hisar (HR),"1,302 km",Do Not Know,26-Feb-2025,Packed Food,Canters 19feet / ...,Transporter,View Contact,Quote Now,20250226_1024_25
Bhagabannagar (TR),Hyd (AP),"2,754 km",Do Not Know,26-Feb-2025,Others,Canters 19feet / ...,Transporter,View Contact,Quote Now,20250226_1024_25
Yavatmal (MH),Vapi (GJ),655 km,Upto 12 MT,26-Feb-2025,Others,Truck 15MT / 10 w...,Transporter,View Contact,Quote Now,20250226_1024_25
Yavatmal (MH),Surada (OR),879 km,Upto 12 MT,26-Feb-2025,Others,Truck 15MT / 10 w...,Transporter,View Contact,Quote Now,20250226_1024_25
Bhagalpur (BR),Bihar (BR),216 km,Do Not Know,26-Feb-2025,Others,Canters 17feet / ...,Transporter,View Contact,Quote Now,20250226_1024_25
Deharadun (UT),Bangalore (KA),"2,369 km",Upto 12 MT,10-Mar-2025,Others,Container Trucks,Customer,View Contact,Quote Now,20250226_1024_25
Bangalore (KA),Noida (UP),"2,130 km",Upto 12 MT,26-Feb-2025,Others,Truck 15MT / 10 w...,Transporter,View Contact,Quote Now,20250226_1036_56
Jamui (BR),Noida (UP),"1,180 km",Upto 12 MT,26-Feb-2025,Others,Truck 20MT / 12 w...,Transporter,View Contact,Quote Now,20250226_1036_56
Jamui (BR),Nagpur (MH),"1,126 km",Do Not Know,26-Feb-2025,Others,Canters 17feet / ...,Transporter,View Contact,Quote Now,20250226_1036_56
Nagpur (MH),Hisar (HR),"1,302 km",Do Not Know,26-Feb-2025,Packed Food,Canters 19feet / ...,Transporter,View Contact,Quote Now,20250226_1036_56
Bhagabannagar (TR),Hyd (AP),"2,754 km",Do Not Know,26-Feb-2025,Others,Canters 19feet / ...,Transporter,View Contact,Quote Now,20250226_1036_56
Yavatmal (MH),Vapi (GJ),655 km,Upto 12 MT,26-Feb-2025,Others,Truck 15MT / 10 w...,Transporter,View Contact,Quote Now,20250226_1036_56
Yavatmal (MH),Surada (OR),879 km,Upto 12 MT,26-Feb-2025,Others,Truck 15MT / 10 w...,Transporter,View Contact,Quote Now,20250226_1036_56
Bhagalpur (BR),Bihar (BR),216 km,Do Not Know,26-Feb-2025,Others,Canters 17feet / ...,Transporter,View Contact,Quote Now,20250226_1036_56
Surat (GJ),Dhar (MP),426 km,Above 30 MT,26-Feb-2025,Others,Truck 25MT / 1...,Customer,View Contact,Quote Now,20250226_1036_56
Deharadun (UT),Bangalore (KA),"2,369 km",Upto 12 MT,10-Mar-2025,Others,Container Trucks,Customer,View Contact,Quote Now,20250226_1036_56
Bangalore (KA),Noida (UP),"2,130 km",Upto 12 MT,26-Feb-2025,Others,Truck 15MT / 10 w...,Transporter,View Contact,Quote Now,20250226_1047_00
Jamui (BR),Noida (UP),"1,180 km",Upto 12 MT,26-Feb-2025,Others,Truck 20MT / 12 w...,Transporter,View Contact,Quote Now,20250226_1047_00
Jamui (BR),Nagpur (MH),"1,126 km",Do Not Know,26-Feb-2025,Others,Canters 17feet / ...,Transporter,View Contact,Quote Now,20250226_1047_00
Nagpur (MH),Hisar (HR),"1,302 km",Do Not Know,26-Feb-2025,Packed Food,Canters 19feet / ...,Transporter,View Contact,Quote Now,20250226_1047_00
Bhagabannagar (TR),Hyd (AP),"2,754 km",Do Not Know,26-Feb-2025,Others,Canters 19feet / ...,Transporter,View Contact,Quote Now,20250226_1047_00
Yavatmal (MH),Vapi (GJ),655 km,Upto 12 MT,26-Feb-2025,Others,Truck 15MT / 10 w...,Transporter,View Contact,Quote Now,20250226_1047_00
Yavatmal (MH),Surada (OR),879 km,Upto 12 MT,26-Feb-2025,Others,Truck 15MT / 10 w...,Transporter,View Contact,Quote Now,20250226_1047_00
Bhagalpur (BR),Bihar (BR),216 km,Do Not Know,26-Feb-2025,Others,Canters 17feet / ...,Transporter,View Contact,Quote Now,20250226_1047_00
Surat (GJ),Dhar (MP),426 km,Above 30 MT,26-Feb-2025,Others,Truck 25MT / 1...,Customer,View Contact,Quote Now,20250226_1047_00
Deharadun (UT),Bangalore (KA),"2,369 km",Upto 12 MT,10-Mar-2025,Others,Container Trucks,Customer,View Contact,Quote Now,20250226_1047_00
Bangalore (KA),Noida (UP),"2,130 km",Upto 12 MT,26-Feb-2025,Others,Truck 15MT / 10 w...,Transporter,View Contact,Quote Now,20250226_1057_03
Jamui (BR),Noida (UP),"1,180 km",Upto 12 MT,26-Feb-2025,Others,Truck 20MT / 12 w...,Transporter,View Contact,Quote Now,20250226_1057_03
Jamui (BR),Nagpur (MH),"1,126 km",Do Not Know,26-Feb-2025,Others,Canters 17feet / ...,Transporter,View Contact,Quote Now,20250226_1057_03
Nagpur (MH),Hisar (HR),"1,302 km",Do Not Know,26-Feb-2025,Packed Food,Canters 19feet / ...,Transporter,View Contact,Quote Now,20250226_1057_03
Bhagabannagar (TR),Hyd (AP),"2,754 km",Do Not Know,26-Feb-2025,Others,Canters 19feet / ...,Transporter,View Contact,Quote Now,20250226_1057_03
Yavatmal (MH),Vapi (GJ),655 km,Upto 12 MT,26-Feb-2025,Others,Truck 15MT / 10 w...,Transporter,View Contact,Quote Now,20250226_1057_03
Yavatmal (MH),Surada (OR),879 km,Upto 12 MT,26-Feb-2025,Others,Truck 15MT / 10 w...,Transporter,View Contact,Quote Now,20250226_1057_03
Bhagalpur (BR),Bihar (BR),216 km,Do Not Know,26-Feb-2025,Others,Canters 17feet / ...,Transporter,View Contact,Quote Now,20250226_1057_03
Surat (GJ),Dhar (MP),426 km,Above 30 MT,26-Feb-2025,Others,Truck 25MT / 1...,Customer,View Contact,Quote Now,20250226_1057_03
Deharadun (UT),Bangalore (KA),"2,369 km",Upto 12 MT,10-Mar-2025,Others,Container Trucks,Customer,View Contact,Quote Now,20250226_1057_03
Bangalore (KA),Noida (UP),"2,130 km",Upto 12 MT,26-Feb-2025,Others,Truck 15MT / 10 w...,Transporter,View Contact,Quote Now,20250226_1107_07
Jamui (BR),Noida (UP),"1,180 km",Upto 12 MT,26-Feb-2025,Others,Truck 20MT / 12 w...,Transporter,View Contact,Quote Now,20250226_1107_07
Jamui (BR),Nagpur (MH),"1,126 km",Do Not Know,26-Feb-2025,Others,Canters 17feet / ...,Transporter,View Contact,Quote Now,20250226_1107_07
Nagpur (MH),Hisar (HR),"1,302 km",Do Not Know,26-Feb-2025,Packed Food,Canters 19feet / ...,Transporter,View Contact,Quote Now,20250226_1107_07
Bhagabannagar (TR),Hyd (AP),"2,754 km",Do Not Know,26-Feb-2025,Others,Canters 19feet / ...,Transporter,View Contact,Quote Now,20250226_1107_07
Yavatmal (MH),Vapi (GJ),655 km,Upto 12 MT,26-Feb-2025,Others,Truck 15MT / 10 w...,Transporter,View Contact,Quote Now,20250226_1107_07
Yavatmal (MH),Surada (OR),879 km,Upto 12 MT,26-Feb-2025,Others,Truck 15MT / 10 w...,Transporter,View Contact,Quote Now,20250226_1107_07
Bhagalpur (BR),Bihar (BR),216 km,Do Not Know,26-Feb-2025,Others,Canters 17feet / ...,Transporter,View Contact,Quote Now,20250226_1107_07
Surat (GJ),Dhar (MP),426 km,Above 30 MT,26-Feb-2025,Others,Truck 25MT / 1...,Customer,View Contact,Quote Now,20250226_1107_07
Deharadun (UT),Bangalore (KA),"2,369 km",Upto 12 MT,10-Mar-2025,Others,Container Trucks,Customer,View Contact,Quote Now,20250226_1107_07
Bangalore (KA),Noida (UP),"2,130 km",Upto 12 MT,26-Feb-2025,Others,Truck 15MT / 10 w...,Transporter,View Contact,Quote Now,20250226_1117_11
Jamui (BR),Noida (UP),"1,180 km",Upto 12 MT,26-Feb-2025,Others,Truck 20MT / 12 w...,Transporter,View Contact,Quote Now,20250226_1117_11
Jamui (BR),Nagpur (MH),"1,126 km",Do Not Know,26-Feb-2025,Others,Canters 17feet / ...,Transporter,View Contact,Quote Now,20250226_1117_11
Nagpur (MH),Hisar (HR),"1,302 km",Do Not Know,26-Feb-2025,Packed Food,Canters 19feet / ...,Transporter,View Contact,Quote Now,20250226_1117_11
Bhagabannagar (TR),Hyd (AP),"2,754 km",Do Not Know,26-Feb-2025,Others,Canters 19feet / ...,Transporter,View Contact,Quote Now,20250226_1117_11
Yavatmal (MH),Vapi (GJ),655 km,Upto 12 MT,26-Feb-2025,Others,Truck 15MT / 10 w...,Transporter,View Contact,Quote Now,20250226_1117_11
Yavatmal (MH),Surada (OR),879 km,Upto 12 MT,26-Feb-2025,Others,Truck 15MT / 10 w...,Transporter,View Contact,Quote Now,20250226_1117_11
Bhagalpur (BR),Bihar (BR),216 km,Do Not Know,26-Feb-2025,Others,Canters 17feet / ...,Transporter,View Contact,Quote Now,20250226_1117_11
Surat (GJ),Dhar (MP),426 km,Above 30 MT,26-Feb-2025,Others,Truck 25MT / 1...,Customer,View Contact,Quote Now,20250226_1117_11
Deharadun (UT),Bangalore (KA),"2,369 km",Upto 12 MT,10-Mar-2025,Others,Container Trucks,Customer,View Contact,Quote Now,20250226_1117_11
Bangalore (KA),Noida (UP),"2,130 km",Upto 12 MT,26-Feb-2025,Others,Truck 15MT / 10 w...,Transporter,View Contact,Quote Now,20250226_1127_13
Jamui (BR),Noida (UP),"1,180 km",Upto 12 MT,26-Feb-2025,Others,Truck 20MT / 12 w...,Transporter,View Contact,Quote Now,20250226_1127_13
Jamui (BR),Nagpur (MH),"1,126 km",Do Not Know,26-Feb-2025,Others,Canters 17feet / ...,Transporter,View Contact,Quote Now,20250226_1127_13
Nagpur (MH),Hisar (HR),"1,302 km",Do Not Know,26-Feb-2025,Packed Food,Canters 19feet / ...,Transporter,View Contact,Quote Now,20250226_1127_13
Bhagabannagar (TR),Hyd (AP),"2,754 km",Do Not Know,26-Feb-2025,Others,Canters 19feet / ...,Transporter,View Contact,Quote Now,20250226_1127_13
Yavatmal (MH),Vapi (GJ),655 km,Upto 12 MT,26-Feb-2025,Others,Truck 15MT / 10 w...,Transporter,View Contact,Quote Now,20250226_1127_13
Yavatmal (MH),Surada (OR),879 km,Upto 12 MT,26-Feb-2025,Others,Truck 15MT / 10 w...,Transporter,View Contact,Quote Now,20250226_1127_13
Bhagalpur (BR),Bihar (BR),216 km,Do Not Know,26-Feb-2025,Others,Canters 17feet / ...,Transporter,View Contact,Quote Now,20250226_1127_13
Surat (GJ),Dhar (MP),426 km,Above 30 MT,26-Feb-2025,Others,Truck 25MT / 1...,Customer,View Contact,Quote Now,20250226_1127_13
Deharadun (UT),Bangalore (KA),"2,369 km",Upto 12 MT,10-Mar-2025,Others,Container Trucks,Customer,View Contact,Quote Now,20250226_1127_13
Bangalore (KA),Noida (UP),"2,130 km",Upto 12 MT,26-Feb-2025,Others,Truck 15MT / 10 w...,Transporter,View Contact,Quote Now,20250226_1137_16
Jamui (BR),Noida (UP),"1,180 km",Upto 12 MT,26-Feb-2025,Others,Truck 20MT / 12 w...,Transporter,View Contact,Quote Now,20250226_1137_16
Jamui (BR),Nagpur (MH),"1,126 km",Do Not Know,26-Feb-2025,Others,Canters 17feet / ...,Transporter,View Contact,Quote Now,20250226_1137_16
Nagpur (MH),Hisar (HR),"1,302 km",Do Not Know,26-Feb-2025,Packed Food,Canters 19feet / ...,Transporter,View Contact,Quote Now,20250226_1137_16
Bhagabannagar (TR),Hyd (AP),"2,754 km",Do Not Know,26-Feb-2025,Others,Canters 19feet / ...,Transporter,View Contact,Quote Now,20250226_1137_16
Yavatmal (MH),Vapi (GJ),655 km,Upto 12 MT,26-Feb-2025,Others,Truck 15MT / 10 w...,Transporter,View Contact,Quote Now,20250226_1137_16
Yavatmal (MH),Surada (OR),879 km,Upto 12 MT,26-Feb-2025,Others,Truck 15MT / 10 w...,Transporter,View Contact,Quote Now,20250226_1137_16
Bhagalpur (BR),Bihar (BR),216 km,Do Not Know,26-Feb-2025,Others,Canters 17feet / ...,Transporter,View Contact,Quote Now,20250226_1137_16
Surat (GJ),Dhar (MP),426 km,Above 30 MT,26-Feb-2025,Others,Truck 25MT / 1...,Customer,View Contact,Quote Now,20250226_1137_16
Deharadun (UT),Bangalore (KA),"2,369 km",Upto 12 MT,10-Mar-2025,Others,Container Trucks,Customer,View Contact,Quote Now,20250226_1137_16
Bangalore (KA),Noida (UP),"2,130 km",Upto 12 MT,26-Feb-2025,Others,Truck 15MT / 10 w...,Transporter,View Contact,Quote Now,20250226_1147_19
Jamui (BR),Noida (UP),"1,180 km",Upto 12 MT,26-Feb-2025,Others,Truck 20MT / 12 w...,Transporter,View Contact,Quote Now,20250226_1147_19
Jamui (BR),Nagpur (MH),"1,126 km",Do Not Know,26-Feb-2025,Others,Canters 17feet / ...,Transporter,View Contact,Quote Now,20250226_1147_19
Nagpur (MH),Hisar (HR),"1,302 km",Do Not Know,26-Feb-2025,Packed Food,Canters 19feet / ...,Transporter,View Contact,Quote Now,20250226_1147_19
Bhagabannagar (TR),Hyd (AP),"2,754 km",Do Not Know,26-Feb-2025,Others,Canters 19feet / ...,Transporter,View Contact,Quote Now,20250226_1147_19
Yavatmal (MH),Vapi (GJ),655 km,Upto 12 MT,26-Feb-2025,Others,Truck 15MT / 10 w...,Transporter,View Contact,Quote Now,20250226_1147_19
Yavatmal (MH),Surada (OR),879 km,Upto 12 MT,26-Feb-2025,Others,Truck 15MT / 10 w...,Transporter,View Contact,Quote Now,20250226_1147_19
Bhagalpur (BR),Bihar (BR),216 km,Do Not Know,26-Feb-2025,Others,Canters 17feet / ...,Transporter,View Contact,Quote Now,20250226_1147_19
Surat (GJ),Dhar (MP),426 km,Above 30 MT,26-Feb-2025,Others,Truck 25MT / 1...,Customer,View Contact,Quote Now,20250226_1147_19
Amroha (UP),Noida (UP),132 km,Upto 5 MT,26-Feb-2025,Fruits And V...,Canters 17feet / ...,Transporter,View Contact,Quote Now,20250226_1147_19
Bangalore (KA),Noida (UP),"2,130 km",Upto 12 MT,26-Feb-2025,Others,Truck 15MT / 10 w...,Transporter,View Contact,Quote Now,20250226_1157_21
Jamui (BR),Noida (UP),"1,180 km",Upto 12 MT,26-Feb-2025,Others,Truck 20MT / 12 w...,Transporter,View Contact,Quote Now,20250226_1157_21
Jamui (BR),Nagpur (MH),"1,126 km",Do Not Know,26-Feb-2025,Others,Canters 17feet / ...,Transporter,View Contact,Quote Now,20250226_1157_21
Nagpur (MH),Hisar (HR),"1,302 km",Do Not Know,26-Feb-2025,Packed Food,Canters 19feet / ...,Transporter,View Contact,Quote Now,20250226_1157_21
Bhagabannagar (TR),Hyd (AP),"2,754 km",Do Not Know,26-Feb-2025,Others,Canters 19feet / ...,Transporter,View Contact,Quote Now,20250226_1157_21
Yavatmal (MH),Vapi (GJ),655 km,Upto 12 MT,26-Feb-2025,Others,Truck 15MT / 10 w...,Transporter,View Contact,Quote Now,20250226_1157_21
Yavatmal (MH),Surada (OR),879 km,Upto 12 MT,26-Feb-2025,Others,Truck 15MT / 10 w...,Transporter,View Contact,Quote Now,20250226_1157_21
Bhagalpur (BR),Bihar (BR),216 km,Do Not Know,26-Feb-2025,Others,Canters 17feet / ...,Transporter,View Contact,Quote Now,20250226_1157_21
Surat (GJ),Dhar (MP),426 km,Above 30 MT,26-Feb-2025,Others,Truck 25MT / 1...,Customer,View Contact,Quote Now,20250226_1157_21
Amroha (UP),Noida (UP),132 km,Upto 5 MT,26-Feb-2025,Fruits And V...,Canters 17feet / ...,Transporter,View Contact,Quote Now,20250226_1157_21
Bangalore (KA),Noida (UP),"2,130 km",Upto 12 MT,26-Feb-2025,Others,Truck 15MT / 10 w...,Transporter,View Contact,Quote Now,20250226_1207_23
Jamui (BR),Noida (UP),"1,180 km",Upto 12 MT,26-Feb-2025,Others,Truck 20MT / 12 w...,Transporter,View Contact,Quote Now,20250226_1207_23
Jamui (BR),Nagpur (MH),"1,126 km",Do Not Know,26-Feb-2025,Others,Canters 17feet / ...,Transporter,View Contact,Quote Now,20250226_1207_23
Nagpur (MH),Hisar (HR),"1,302 km",Do Not Know,26-Feb-2025,Packed Food,Canters 19feet / ...,Transporter,View Contact,Quote Now,20250226_1207_23
Bhagabannagar (TR),Hyd (AP),"2,754 km",Do Not Know,26-Feb-2025,Others,Canters 19feet / ...,Transporter,View Contact,Quote Now,20250226_1207_23
Yavatmal (MH),Vapi (GJ),655 km,Upto 12 MT,26-Feb-2025,Others,Truck 15MT / 10 w...,Transporter,View Contact,Quote Now,20250226_1207_23
Yavatmal (MH),Surada (OR),879 km,Upto 12 MT,26-Feb-2025,Others,Truck 15MT / 10 w...,Transporter,View Contact,Quote Now,20250226_1207_23
Bhagalpur (BR),Bihar (BR),216 km,Do Not Know,26-Feb-2025,Others,Canters 17feet / ...,Transporter,View Contact,Quote Now,20250226_1207_23
Surat (GJ),Dhar (MP),426 km,Above 30 MT,26-Feb-2025,Others,Truck 25MT / 1...,Customer,View Contact,Quote Now,20250226_1207_23
Amroha (UP),Noida (UP),132 km,Upto 5 MT,26-Feb-2025,Fruits And V...,Canters 17feet / ...,Transporter,View Contact,Quote Now,20250226_1207_23
Bangalore (KA),Noida (UP),"2,130 km",Upto 12 MT,26-Feb-2025,Others,Truck 15MT / 10 w...,Transporter,View Contact,Quote Now,20250226_1217_26
Jamui (BR),Noida (UP),"1,180 km",Upto 12 MT,26-Feb-2025,Others,Truck 20MT / 12 w...,Transporter,View Contact,Quote Now,20250226_1217_26
Jamui (BR),Nagpur (MH),"1,126 km",Do Not Know,26-Feb-2025,Others,Canters 17feet / ...,Transporter,View Contact,Quote Now,20250226_1217_26
Nagpur (MH),Hisar (HR),"1,302 km",Do Not Know,26-Feb-2025,Packed Food,Canters 19feet / ...,Transporter,View Contact,Quote Now,20250226_1217_26
Bhagabannagar (TR),Hyd (AP),"2,754 km",Do Not Know,26-Feb-2025,Others,Canters 19feet / ...,Transporter,View Contact,Quote Now,20250226_1217_26
Yavatmal (MH),Vapi (GJ),655 km,Upto 12 MT,26-Feb-2025,Others,Truck 15MT / 10 w...,Transporter,View Contact,Quote Now,20250226_1217_26
Yavatmal (MH),Surada (OR),879 km,Upto 12 MT,26-Feb-2025,Others,Truck 15MT / 10 w...,Transporter,View Contact,Quote Now,20250226_1217_26
Bhagalpur (BR),Bihar (BR),216 km,Do Not Know,26-Feb-2025,Others,Canters 17feet / ...,Transporter,View Contact,Quote Now,20250226_1217_26
Surat (GJ),Dhar (MP),426 km,Above 30 MT,26-Feb-2025,Others,Truck 25MT / 1...,Customer,View Contact,Quote Now,20250226_1217_26
Amroha (UP),Noida (UP),132 km,Upto 5 MT,26-Feb-2025,Fruits And V...,Canters 17feet / ...,Transporter,View Contact,Quote Now,20250226_1217_26
Bangalore (KA),Noida (UP),"2,130 km",Upto 12 MT,26-Feb-2025,Others,Truck 15MT / 10 w...,Transporter,View Contact,Quote Now,20250226_1227_33
Jamui (BR),Noida (UP),"1,180 km",Upto 12 MT,26-Feb-2025,Others,Truck 20MT / 12 w...,Transporter,View Contact,Quote Now,20250226_1227_33
Jamui (BR),Nagpur (MH),"1,126 km",Do Not Know,26-Feb-2025,Others,Canters 17feet / ...,Transporter,View Contact,Quote Now,20250226_1227_33
Nagpur (MH),Hisar (HR),"1,302 km",Do Not Know,26-Feb-2025,Packed Food,Canters 19feet / ...,Transporter,View Contact,Quote Now,20250226_1227_33
Bhagabannagar (TR),Hyd (AP),"2,754 km",Do Not Know,26-Feb-2025,Others,Canters 19feet / ...,Transporter,View Contact,Quote Now,20250226_1227_33
Yavatmal (MH),Vapi (GJ),655 km,Upto 12 MT,26-Feb-2025,Others,Truck 15MT / 10 w...,Transporter,View Contact,Quote Now,20250226_1227_33
Yavatmal (MH),Surada (OR),879 km,Upto 12 MT,26-Feb-2025,Others,Truck 15MT / 10 w...,Transporter,View Contact,Quote Now,20250226_1227_33
Bhagalpur (BR),Bihar (BR),216 km,Do Not Know,26-Feb-2025,Others,Canters 17feet / ...,Transporter,View Contact,Quote Now,20250226_1227_33
Surat (GJ),Dhar (MP),426 km,Above 30 MT,26-Feb-2025,Others,Truck 25MT / 1...,Customer,View Contact,Quote Now,20250226_1227_33
Amroha (UP),Noida (UP),132 km,Upto 5 MT,26-Feb-2025,Fruits And V...,Canters 17feet / ...,Transporter,View Contact,Quote Now,20250226_1227_33
Bangalore (KA),Noida (UP),"2,130 km",Upto 12 MT,26-Feb-2025,Others,Truck 15MT / 10 w...,Transporter,View Contact,Quote Now,2025/02/26_12:39:56
Jamui (BR),Noida (UP),"1,180 km",Upto 12 MT,26-Feb-2025,Others,Truck 20MT / 12 w...,Transporter,View Contact,Quote Now,2025/02/26_12:39:56
Jamui (BR),Nagpur (MH),"1,126 km",Do Not Know,26-Feb-2025,Others,Canters 17feet / ...,Transporter,View Contact,Quote Now,2025/02/26_12:39:56
Nagpur (MH),Hisar (HR),"1,302 km",Do Not Know,26-Feb-2025,Packed Food,Canters 19feet / ...,Transporter,View Contact,Quote Now,2025/02/26_12:39:56
Bhagabannagar (TR),Hyd (AP),"2,754 km",Do Not Know,26-Feb-2025,Others,Canters 19feet / ...,Transporter,View Contact,Quote Now,2025/02/26_12:39:56
Yavatmal (MH),Vapi (GJ),655 km,Upto 12 MT,26-Feb-2025,Others,Truck 15MT / 10 w...,Transporter,View Contact,Quote Now,2025/02/26_12:39:56
Yavatmal (MH),Surada (OR),879 km,Upto 12 MT,26-Feb-2025,Others,Truck 15MT / 10 w...,Transporter,View Contact,Quote Now,2025/02/26_12:39:56
Bhagalpur (BR),Bihar (BR),216 km,Do Not Know,26-Feb-2025,Others,Canters 17feet / ...,Transporter,View Contact,Quote Now,2025/02/26_12:39:56
Surat (GJ),Dhar (MP),426 km,Above 30 MT,26-Feb-2025,Others,Truck 25MT / 1...,Customer,View Contact,Quote Now,2025/02/26_12:39:56
Amroha (UP),Noida (UP),132 km,Upto 5 MT,26-Feb-2025,Fruits And V...,Canters 17feet / ...,Transporter,View Contact,Quote Now,2025/02/26_12:39:56
Bangalore (KA),Noida (UP),"2,130 km",Upto 12 MT,26-Feb-2025,Others,Truck 15MT / 10 w...,Transporter,View Contact,Quote Now,2025/02/26_12:49:58
Jamui (BR),Noida (UP),"1,180 km",Upto 12 MT,26-Feb-2025,Others,Truck 20MT / 12 w...,Transporter,View Contact,Quote Now,2025/02/26_12:49:58
Jamui (BR),Nagpur (MH),"1,126 km",Do Not Know,26-Feb-2025,Others,Canters 17feet / ...,Transporter,View Contact,Quote Now,2025/02/26_12:49:58
Nagpur (MH),Hisar (HR),"1,302 km",Do Not Know,26-Feb-2025,Packed Food,Canters 19feet / ...,Transporter,View Contact,Quote Now,2025/02/26_12:49:58
Bhagabannagar (TR),Hyd (AP),"2,754 km",Do Not Know,26-Feb-2025,Others,Canters 19feet / ...,Transporter,View Contact,Quote Now,2025/02/26_12:49:58
Yavatmal (MH),Vapi (GJ),655 km,Upto 12 MT,26-Feb-2025,Others,Truck 15MT / 10 w...,Transporter,View Contact,Quote Now,2025/02/26_12:49:58
Yavatmal (MH),Surada (OR),879 km,Upto 12 MT,26-Feb-2025,Others,Truck 15MT / 10 w...,Transporter,View Contact,Quote Now,2025/02/26_12:49:58
Bhagalpur (BR),Bihar (BR),216 km,Do Not Know,26-Feb-2025,Others,Canters 17feet / ...,Transporter,View Contact,Quote Now,2025/02/26_12:49:58
Surat (GJ),Dhar (MP),426 km,Above 30 MT,26-Feb-2025,Others,Truck 25MT / 1...,Customer,View Contact,Quote Now,2025/02/26_12:49:58
Amroha (UP),Noida (UP),132 km,Upto 5 MT,26-Feb-2025,Fruits And V...,Canters 17feet / ...,Transporter,View Contact,Quote Now,2025/02/26_12:49:58
Bangalore (KA),Noida (UP),"2,130 km",Upto 12 MT,26-Feb-2025,Others,Truck 15MT / 10 w...,Transporter,View Contact,Quote Now,2025/02/26_13:00:05
Jamui (BR),Noida (UP),"1,180 km",Upto 12 MT,26-Feb-2025,Others,Truck 20MT / 12 w...,Transporter,View Contact,Quote Now,2025/02/26_13:00:05
Jamui (BR),Nagpur (MH),"1,126 km",Do Not Know,26-Feb-2025,Others,Canters 17feet / ...,Transporter,View Contact,Quote Now,2025/02/26_13:00:05
Nagpur (MH),Hisar (HR),"1,302 km",Do Not Know,26-Feb-2025,Packed Food,Canters 19feet / ...,Transporter,View Contact,Quote Now,2025/02/26_13:00:05
Bhagabannagar (TR),Hyd (AP),"2,754 km",Do Not Know,26-Feb-2025,Others,Canters 19feet / ...,Transporter,View Contact,Quote Now,2025/02/26_13:00:05
Yavatmal (MH),Vapi (GJ),655 km,Upto 12 MT,26-Feb-2025,Others,Truck 15MT / 10 w...,Transporter,View Contact,Quote Now,2025/02/26_13:00:05
Yavatmal (MH),Surada (OR),879 km,Upto 12 MT,26-Feb-2025,Others,Truck 15MT / 10 w...,Transporter,View Contact,Quote Now,2025/02/26_13:00:05
Bhagalpur (BR),Bihar (BR),216 km,Do Not Know,26-Feb-2025,Others,Canters 17feet / ...,Transporter,View Contact,Quote Now,2025/02/26_13:00:05
Surat (GJ),Dhar (MP),426 km,Above 30 MT,26-Feb-2025,Others,Truck 25MT / 1...,Customer,View Contact,Quote Now,2025/02/26_13:00:05
Amroha (UP),Noida (UP),132 km,Upto 5 MT,26-Feb-2025,Fruits And V...,Canters 17feet / ...,Transporter,View Contact,Quote Now,2025/02/26_13:00:05
Rajkot (GJ),Nagamangala (KA),"1,716 km",Do Not Know,01-Mar-2025,Others,Canters 17feet / ...,Transporter,View Contact,Quote Now,2025/03/01_12:36:15
Vapi (GJ),Chennai (TN),"1,521 km",Upto 20 MT,01-Mar-2025,Others,Container Close B...,Transporter,View Contact,Quote Now,2025/03/01_12:36:15
Surat (GJ),Nagpur (MH),832 km,Do Not Know,01-Mar-2025,Others,Canters 17feet / ...,Transporter,View Contact,Quote Now,2025/03/01_12:36:15
Gwalior (MP),Kanad (MP),408 km,Do Not Know,01-Mar-2025,Others,Canters 17feet / ...,Transporter,View Contact,Quote Now,2025/03/01_12:36:15
Ahmed Nagar (MH),Bhogaon (UP),"1,208 km",Upto 12 MT,01-Mar-2025,Others,Truck 20MT / 12 w...,Transporter,View Contact,Quote Now,2025/03/01_12:36:15
Mudargo (KA),Hyd (AP),438 km,Upto 15 MT,01-Mar-2025,Others,Container Close B...,Transporter,View Contact,Quote Now,2025/03/01_12:36:15
Guwahati (AS),Bhogaon (UP),"1,605 km",Upto 20 MT,01-Mar-2025,Others,Container Close B...,Transporter,View Contact,Quote Now,2025/03/01_12:36:15
Guwahati (AS),Noida (UP),"1,911 km",Do Not Know,01-Mar-2025,Others,Canters 17feet / ...,Transporter,View Contact,Quote Now,2025/03/01_12:36:15
Ariyalur (TN),Koppal (KA),696 km,Do Not Know,01-Mar-2025,Others,Canters 3MT / 4 W...,Customer,View Contact,Quote Now,2025/03/01_12:36:15
Chengalpattu (TN),Nashik (MH),"1,307 km",Do Not Know,01-Mar-2025,Others,Pick Up,Customer,View Contact,Quote Now,2025/03/01_12:36:15
Rajkot (GJ),Nagamangala (KA),"1,716 km",Do Not Know,01-Mar-2025,Others,Canters 17feet / ...,Transporter,View Contact,Quote Now,2025/03/01_12:46:17
Vapi (GJ),Chennai (TN),"1,521 km",Upto 20 MT,01-Mar-2025,Others,Container Close B...,Transporter,View Contact,Quote Now,2025/03/01_12:46:17
Surat (GJ),Nagpur (MH),832 km,Do Not Know,01-Mar-2025,Others,Canters 17feet / ...,Transporter,View Contact,Quote Now,2025/03/01_12:46:17
Gwalior (MP),Kanad (MP),408 km,Do Not Know,01-Mar-2025,Others,Canters 17feet / ...,Transporter,View Contact,Quote Now,2025/03/01_12:46:17
Ahmed Nagar (MH),Bhogaon (UP),"1,208 km",Upto 12 MT,01-Mar-2025,Others,Truck 20MT / 12 w...,Transporter,View Contact,Quote Now,2025/03/01_12:46:17
Mudargo (KA),Hyd (AP),438 km,Upto 15 MT,01-Mar-2025,Others,Container Close B...,Transporter,View Contact,Quote Now,2025/03/01_12:46:17
Guwahati (AS),Bhogaon (UP),"1,605 km",Upto 20 MT,01-Mar-2025,Others,Container Close B...,Transporter,View Contact,Quote Now,2025/03/01_12:46:17
Guwahati (AS),Noida (UP),"1,911 km",Do Not Know,01-Mar-2025,Others,Canters 17feet / ...,Transporter,View Contact,Quote Now,2025/03/01_12:46:17
Ariyalur (TN),Koppal (KA),696 km,Do Not Know,01-Mar-2025,Others,Canters 3MT / 4 W...,Customer,View Contact,Quote Now,2025/03/01_12:46:17
Chengalpattu (TN),Nashik (MH),"1,307 km",Do Not Know,01-Mar-2025,Others,Pick Up,Customer,View Contact,Quote Now,2025/03/01_12:46:17
Rajkot (GJ),Nagamangala (KA),"1,716 km",Do Not Know,01-Mar-2025,Others,Canters 17feet / ...,Transporter,View Contact,Quote Now,2025/03/01_12:56:19
Vapi (GJ),Chennai (TN),"1,521 km",Upto 20 MT,01-Mar-2025,Others,Container Close B...,Transporter,View Contact,Quote Now,2025/03/01_12:56:19
Surat (GJ),Nagpur (MH),832 km,Do Not Know,01-Mar-2025,Others,Canters 17feet / ...,Transporter,View Contact,Quote Now,2025/03/01_12:56:19
Gwalior (MP),Kanad (MP),408 km,Do Not Know,01-Mar-2025,Others,Canters 17feet / ...,Transporter,View Contact,Quote Now,2025/03/01_12:56:19
Ahmed Nagar (MH),Bhogaon (UP),"1,208 km",Upto 12 MT,01-Mar-2025,Others,Truck 20MT / 12 w...,Transporter,View Contact,Quote Now,2025/03/01_12:56:19
Mudargo (KA),Hyd (AP),438 km,Upto 15 MT,01-Mar-2025,Others,Container Close B...,Transporter,View Contact,Quote Now,2025/03/01_12:56:19
Guwahati (AS),Bhogaon (UP),"1,605 km",Upto 20 MT,01-Mar-2025,Others,Container Close B...,Transporter,View Contact,Quote Now,2025/03/01_12:56:19
Guwahati (AS),Noida (UP),"1,911 km",Do Not Know,01-Mar-2025,Others,Canters 17feet / ...,Transporter,View Contact,Quote Now,2025/03/01_12:56:19
Ariyalur (TN),Koppal (KA),696 km,Do Not Know,01-Mar-2025,Others,Canters 3MT / 4 W...,Customer,View Contact,Quote Now,2025/03/01_12:56:19
Chengalpattu (TN),Nashik (MH),"1,307 km",Do Not Know,01-Mar-2025,Others,Pick Up,Customer,View Contact,Quote Now,2025/03/01_12:56:19
Rajkot (GJ),Nagamangala (KA),"1,716 km",Do Not Know,01-Mar-2025,Others,Canters 17feet / ...,Transporter,View Contact,Quote Now,2025/03/01_13:06:21
Vapi (GJ),Chennai (TN),"1,521 km",Upto 20 MT,01-Mar-2025,Others,Container Close B...,Transporter,View Contact,Quote Now,2025/03/01_13:06:21
Surat (GJ),Nagpur (MH),832 km,Do Not Know,01-Mar-2025,Others,Canters 17feet / ...,Transporter,View Contact,Quote Now,2025/03/01_13:06:21
Gwalior (MP),Kanad (MP),408 km,Do Not Know,01-Mar-2025,Others,Canters 17feet / ...,Transporter,View Contact,Quote Now,2025/03/01_13:06:21
Ahmed Nagar (MH),Bhogaon (UP),"1,208 km",Upto 12 MT,01-Mar-2025,Others,Truck 20MT / 12 w...,Transporter,View Contact,Quote Now,2025/03/01_13:06:21
Mudargo (KA),Hyd (AP),438 km,Upto 15 MT,01-Mar-2025,Others,Container Close B...,Transporter,View Contact,Quote Now,2025/03/01_13:06:21
Guwahati (AS),Bhogaon (UP),"1,605 km",Upto 20 MT,01-Mar-2025,Others,Container Close B...,Transporter,View Contact,Quote Now,2025/03/01_13:06:21
Guwahati (AS),Noida (UP),"1,911 km",Do Not Know,01-Mar-2025,Others,Canters 17feet / ...,Transporter,View Contact,Quote Now,2025/03/01_13:06:21
Ariyalur (TN),Koppal (KA),696 km,Do Not Know,01-Mar-2025,Others,Canters 3MT / 4 W...,Customer,View Contact,Quote Now,2025/03/01_13:06:21
Chengalpattu (TN),Nashik (MH),"1,307 km",Do Not Know,01-Mar-2025,Others,Pick Up,Customer,View Contact,Quote Now,2025/03/01_13:06:21
Jagdalpur (CT),Deverapalli (AP),353 km,Upto 28 MT,02-Mar-2025,Others,Tanker Truck (14 ...,Transporter,View Contact,Quote Now,2025/03/02_09:31:39
Deharadun (UT),Bangalore (KA),"2,369 km",Upto 12 MT,10-Mar-2025,Others,Container Trucks,Customer,View Contact,Quote Now,2025/03/02_09:31:39
Jagdalpur (CT),Deverapalli (AP),353 km,Upto 28 MT,02-Mar-2025,Others,Tanker Truck (14 ...,Transporter,View Contact,Quote Now,2025/03/02_09:41:36
Deharadun (UT),Bangalore (KA),"2,369 km",Upto 12 MT,10-Mar-2025,Others,Container Trucks,Customer,View Contact,Quote Now,2025/03/02_09:41:36
Jagdalpur (CT),Deverapalli (AP),353 km,Upto 28 MT,02-Mar-2025,Others,Tanker Truck (14 ...,Transporter,View Contact,Quote Now,2025/03/02_09:41:42
Deharadun (UT),Bangalore (KA),"2,369 km",Upto 12 MT,10-Mar-2025,Others,Container Trucks,Customer,View Contact,Quote Now,2025/03/02_09:41:42
Jagdalpur (CT),Deverapalli (AP),353 km,Upto 28 MT,02-Mar-2025,Others,Tanker Truck (14 ...,Transporter,View Contact,Quote Now,2025/03/02_10:33:58
Deharadun (UT),Bangalore (KA),"2,369 km",Upto 12 MT,10-Mar-2025,Others,Container Trucks,Customer,View Contact,Quote Now,2025/03/02_10:33:58
Jagdalpur (CT),Deverapalli (AP),353 km,Upto 28 MT,02-Mar-2025,Others,Tanker Truck (14 ...,Transporter,View Contact,Quote Now,2025/03/02_10:34:01
Deharadun (UT),Bangalore (KA),"2,369 km",Upto 12 MT,10-Mar-2025,Others,Container Trucks,Customer,View Contact,Quote Now,2025/03/02_10:34:01
Jagdalpur (CT),Deverapalli (AP),353 km,Upto 28 MT,02-Mar-2025,Others,Tanker Truck (14 ...,Transporter,View Contact,Quote Now,2025/03/02_10:43:59
Deharadun (UT),Bangalore (KA),"2,369 km",Upto 12 MT,10-Mar-2025,Others,Container Trucks,Customer,View Contact,Quote Now,2025/03/02_10:43:59
Jagdalpur (CT),Deverapalli (AP),353 km,Upto 28 MT,02-Mar-2025,Others,Tanker Truck (14 ...,Transporter,View Contact,Quote Now,2025/03/02_10:44:03
Deharadun (UT),Bangalore (KA),"2,369 km",Upto 12 MT,10-Mar-2025,Others,Container Trucks,Customer,View Contact,Quote Now,2025/03/02_10:44:03
Jagdalpur (CT),Deverapalli (AP),353 km,Upto 28 MT,02-Mar-2025,Others,Tanker Truck (14 ...,Transporter,View Contact,Quote Now,2025/03/02_10:44:06
Deharadun (UT),Bangalore (KA),"2,369 km",Upto 12 MT,10-Mar-2025,Others,Container Trucks,Customer,View Contact,Quote Now,2025/03/02_10:44:06
Jagdalpur (CT),Deverapalli (AP),353 km,Upto 28 MT,02-Mar-2025,Others,Tanker Truck (14 ...,Transporter,View Contact,Quote Now,2025/03/02_11:11:14
Deharadun (UT),Bangalore (KA),"2,369 km",Upto 12 MT,10-Mar-2025,Others,Container Trucks,Customer,View Contact,Quote Now,2025/03/02_11:11:14
Jagdalpur (CT),Deverapalli (AP),353 km,Upto 28 MT,02-Mar-2025,Others,Tanker Truck (14 ...,Transporter,View Contact,Quote Now,2025/03/02_11:11:16
Deharadun (UT),Bangalore (KA),"2,369 km",Upto 12 MT,10-Mar-2025,Others,Container Trucks,Customer,View Contact,Quote Now,2025/03/02_11:11:16
Jagdalpur (CT),Deverapalli (AP),353 km,Upto 28 MT,02-Mar-2025,Others,Tanker Truck (14 ...,Transporter,View Contact,Quote Now,2025/03/02_11:11:19
Deharadun (UT),Bangalore (KA),"2,369 km",Upto 12 MT,10-Mar-2025,Others,Container Trucks,Customer,View Contact,Quote Now,2025/03/02_11:11:19
Jagdalpur (CT),Deverapalli (AP),353 km,Upto 28 MT,02-Mar-2025,Others,Tanker Truck (14 ...,Transporter,View Contact,Quote Now,2025/03/02_11:21:17
Deharadun (UT),Bangalore (KA),"2,369 km",Upto 12 MT,10-Mar-2025,Others,Container Trucks,Customer,View Contact,Quote Now,2025/03/02_11:21:17
Jagdalpur (CT),Deverapalli (AP),353 km,Upto 28 MT,02-Mar-2025,Others,Tanker Truck (14 ...,Transporter,View Contact,Quote Now,2025/03/02_11:21:20
Deharadun (UT),Bangalore (KA),"2,369 km",Upto 12 MT,10-Mar-2025,Others,Container Trucks,Customer,View Contact,Quote Now,2025/03/02_11:21:20
Jagdalpur (CT),Deverapalli (AP),353 km,Upto 28 MT,02-Mar-2025,Others,Tanker Truck (14 ...,Transporter,View Contact,Quote Now,2025/03/02_11:21:23
Deharadun (UT),Bangalore (KA),"2,369 km",Upto 12 MT,10-Mar-2025,Others,Container Trucks,Customer,View Contact,Quote Now,2025/03/02_11:21:23
Jagdalpur (CT),Deverapalli (AP),353 km,Upto 28 MT,02-Mar-2025,Others,Tanker Truck (14 ...,Transporter,View Contact,Quote Now,2025/03/02_11:31:20
Deharadun (UT),Bangalore (KA),"2,369 km",Upto 12 MT,10-Mar-2025,Others,Container Trucks,Customer,View Contact,Quote Now,2025/03/02_11:31:20
Jagdalpur (CT),Deverapalli (AP),353 km,Upto 28 MT,02-Mar-2025,Others,Tanker Truck (14 ...,Transporter,View Contact,Quote Now,2025/03/02_11:31:25
Deharadun (UT),Bangalore (KA),"2,369 km",Upto 12 MT,10-Mar-2025,Others,Container Trucks,Customer,View Contact,Quote Now,2025/03/02_11:31:25
Jagdalpur (CT),Deverapalli (AP),353 km,Upto 28 MT,02-Mar-2025,Others,Tanker Truck (14 ...,Transporter,View Contact,Quote Now,2025/03/02_11:31:28
Deharadun (UT),Bangalore (KA),"2,369 km",Upto 12 MT,10-Mar-2025,Others,Container Trucks,Customer,View Contact,Quote Now,2025/03/02_11:31:28
Jagdalpur (CT),Deverapalli (AP),353 km,Upto 28 MT,02-Mar-2025,Others,Tanker Truck (14 ...,Transporter,View Contact,Quote Now,2025/03/02_11:41:22
Deharadun (UT),Bangalore (KA),"2,369 km",Upto 12 MT,10-Mar-2025,Others,Container Trucks,Customer,View Contact,Quote Now,2025/03/02_11:41:22
Jagdalpur (CT),Deverapalli (AP),353 km,Upto 28 MT,02-Mar-2025,Others,Tanker Truck (14 ...,Transporter,View Contact,Quote Now,2025/03/02_11:41:27
Deharadun (UT),Bangalore (KA),"2,369 km",Upto 12 MT,10-Mar-2025,Others,Container Trucks,Customer,View Contact,Quote Now,2025/03/02_11:41:27
Jagdalpur (CT),Deverapalli (AP),353 km,Upto 28 MT,02-Mar-2025,Others,Tanker Truck (14 ...,Transporter,View Contact,Quote Now,2025/03/02_11:41:30
Deharadun (UT),Bangalore (KA),"2,369 km",Upto 12 MT,10-Mar-2025,Others,Container Trucks,Customer,View Contact,Quote Now,2025/03/02_11:41:30
Jagdalpur (CT),Deverapalli (AP),353 km,Upto 28 MT,02-Mar-2025,Others,Tanker Truck (14 ...,Transporter,View Contact,Quote Now,2025/03/02_11:51:24
Deharadun (UT),Bangalore (KA),"2,369 km",Upto 12 MT,10-Mar-2025,Others,Container Trucks,Customer,View Contact,Quote Now,2025/03/02_11:51:24
Jagdalpur (CT),Deverapalli (AP),353 km,Upto 28 MT,02-Mar-2025,Others,Tanker Truck (14 ...,Transporter,View Contact,Quote Now,2025/03/02_11:51:28
Deharadun (UT),Bangalore (KA),"2,369 km",Upto 12 MT,10-Mar-2025,Others,Container Trucks,Customer,View Contact,Quote Now,2025/03/02_11:51:28
Jagdalpur (CT),Deverapalli (AP),353 km,Upto 28 MT,02-Mar-2025,Others,Tanker Truck (14 ...,Transporter,View Contact,Quote Now,2025/03/02_11:51:33
Deharadun (UT),Bangalore (KA),"2,369 km",Upto 12 MT,10-Mar-2025,Others,Container Trucks,Customer,View Contact,Quote Now,2025/03/02_11:51:33
Jagdalpur (CT),Deverapalli (AP),353 km,Upto 28 MT,02-Mar-2025,Others,Tanker Truck (14 ...,Transporter,View Contact,Quote Now,2025/03/02_12:01:27
Deharadun (UT),Bangalore (KA),"2,369 km",Upto 12 MT,10-Mar-2025,Others,Container Trucks,Customer,View Contact,Quote Now,2025/03/02_12:01:27
Jagdalpur (CT),Deverapalli (AP),353 km,Upto 28 MT,02-Mar-2025,Others,Tanker Truck (14 ...,Transporter,View Contact,Quote Now,2025/03/02_12:01:30
Deharadun (UT),Bangalore (KA),"2,369 km",Upto 12 MT,10-Mar-2025,Others,Container Trucks,Customer,View Contact,Quote Now,2025/03/02_12:01:30
Jagdalpur (CT),Deverapalli (AP),353 km,Upto 28 MT,02-Mar-2025,Others,Tanker Truck (14 ...,Transporter,View Contact,Quote Now,2025/03/02_12:01:34
Deharadun (UT),Bangalore (KA),"2,369 km",Upto 12 MT,10-Mar-2025,Others,Container Trucks,Customer,View Contact,Quote Now,2025/03/02_12:01:34
Amroha (UP),Ghaziabad (UP),112 km,Upto 7 MT,07-Mar-2025,Fertilizers,Canters 19feet / ...,Transporter,View Contact,Quote Now,2025/03/07_20:56:53
Lucknow (UP),Tezpur (AS),"1,477 km",Upto 15 MT,07-Mar-2025,Bardana jute...,Truck 15MT / 10 w...,Customer,View Contact,Quote Now,2025/03/07_20:56:53
Muzafarnagar (UP),Agra (UP),326 km,Upto 15 MT,07-Mar-2025,Building Mat...,Truck 20MT / 12 w...,Transporter,View Contact,Quote Now,2025/03/07_20:56:53
Ambala (HR),Raajsamand (RJ),760 km,Upto 15 MT,07-Mar-2025,Bardana jute...,Truck 15MT / 10 w...,Customer,View Contact,Quote Now,2025/03/07_20:56:53
Rajpura (PB),Silchar (AS),"2,486 km",Upto 12 MT,07-Mar-2025,Bardana jute...,Truck 20MT / 12 w...,Customer,View Contact,Quote Now,2025/03/07_20:56:53
Kanpur (UP),S Bala (JK),"1,228 km",Upto 20 MT,07-Mar-2025,Bardana jute...,Truck 20MT / 12 w...,Transporter,View Contact,Quote Now,2025/03/07_20:56:53
Gorakhpur (UP),Guwahati (AS),"1,068 km",Do Not Know,07-Mar-2025,Building Mat...,Truck 20MT / 12 w...,Customer,View Contact,Quote Now,2025/03/07_20:56:53
Nagpur (MH),Silchar (AS),"2,157 km",Upto 25 MT,07-Mar-2025,Bardana jute...,Truck 25MT / 1...,Transporter,View Contact,Quote Now,2025/03/07_20:56:53
Palghar (MH),Pune (MH),231 km,Upto 20 MT,07-Mar-2025,Bardana jute...,Truck 16MT / 10 w...,Customer,View Contact,Quote Now,2025/03/07_20:56:53
Kanpur (UP),C N Halli (KA),"1,974 km",Upto 15 MT,07-Mar-2025,Building Mat...,Truck 16MT / 10 w...,Transporter,View Contact,Quote Now,2025/03/07_20:56:53
Kota (RJ),Noida (UP),460 km,Upto 25 MT,08-Mar-2025,Building Mat...,Truck 25MT / 1...,Customer,View Contact,Quote Now,2025/03/08_10:43:40
Mankapur (UP),Salem (TN),"2,153 km",Do Not Know,08-Mar-2025,Others,Canters 17feet / ...,Customer,View Contact,Quote Now,2025/03/08_10:43:40
Mankapur (UP),Cuttack (OR),"1,165 km",Do Not Know,08-Mar-2025,Others,Canters 19feet / ...,Customer,View Contact,Quote Now,2025/03/08_10:43:40
Vadakara (KL),Blaspur (HP),"2,713 km",Do Not Know,08-Mar-2025,Others,Canters 3MT / 4 W...,Customer,View Contact,Quote Now,2025/03/08_10:43:40
Mankapur (UP),Jajpur (OR),"1,095 km",Do Not Know,08-Mar-2025,Others,Container Close B...,Customer,View Contact,Quote Now,2025/03/08_10:43:40
Karnal (HR),Ahmedabad (GJ),"1,031 km",Do Not Know,08-Mar-2025,Others,Container close b...,Customer,View Contact,Quote Now,2025/03/08_10:43:40
Duraon (BR),Noida (UP),916 km,Do Not Know,08-Mar-2025,Others,Container Close B...,Customer,View Contact,Quote Now,2025/03/08_10:43:40
Nalagarh (HP),Gulbarga (KA),"1,920 km",Do Not Know,08-Mar-2025,Others,Container Trucks,Customer,View Contact,Quote Now,2025/03/08_10:43:40
Karnal (HR),Madakasira (AP),"2,205 km",Do Not Know,08-Mar-2025,Others,Containers close ...,Customer,View Contact,Quote Now,2025/03/08_10:43:40
Tral (JK),Bikram (BR),"1,809 km",Do Not Know,08-Mar-2025,Others,Flat Bed Trailers...,Customer,View Contact,Quote Now,2025/03/08_10:43:40
Chamrajnagar (KA),Banglore (KA),184 km,Do Not Know,12-Mar-2025,Packed Food,Canters 17feet / ...,Transporter,View Contact,Quote Now,2025/03/12_12:34:20
Vizag (AP),Banglore (KA),"1,002 km",Do Not Know,12-Mar-2025,Others,Canters 17feet / ...,Transporter,View Contact,Quote Now,2025/03/12_12:34:20
Meerut (UP),Noida (UP),73.9 km,Upto 12 MT,12-Mar-2025,Others,Flat Bed Trailers...,Transporter,View Contact,Quote Now,2025/03/12_12:34:20
Varanasi (UP),Bhopal (MP),761 km,Upto 12 MT,12-Mar-2025,Others,Truck 15MT / 10 w...,Transporter,View Contact,Quote Now,2025/03/12_12:34:20
Bareilly (UP),Rajkot (GJ),"1,441 km",Do Not Know,12-Mar-2025,Others,Canters 17feet / ...,Transporter,View Contact,Quote Now,2025/03/12_12:34:20
Amroha (UP),Noida (UP),133 km,Upto 5 MT,12-Mar-2025,Fruits And V...,Canters 17feet / ...,Transporter,View Contact,Quote Now,2025/03/12_12:34:20
Rajkot (GJ),Vapi (GJ),532 km,Upto 12 MT,12-Mar-2025,Others,Truck 15MT / 10 w...,Transporter,View Contact,Quote Now,2025/03/12_12:34:20
Chamrajnagar (KA),Bagafa (TR),"3,753 km",Do Not Know,12-Mar-2025,Others,Canters 19feet / ...,Transporter,View Contact,Quote Now,2025/03/12_12:34:20
Chhindwara (MP),Jaipur (RJ),892 km,Upto 20 MT,12-Mar-2025,Others,Container Close B...,Transporter,View Contact,Quote Now,2025/03/12_12:34:20
Ghaziabad (UP),Noida (UP),26.3 km,Upto 12 MT,12-Mar-2025,Others,Truck 20MT / 12 w...,Transporter,View Contact,Quote Now,2025/03/12_12:34:20
Chamrajnagar (KA),Banglore (KA),184 km,Do Not Know,12-Mar-2025,Packed Food,Canters 17feet / ...,Transporter,View Contact,Quote Now,2025/03/12_12:44:23
Vizag (AP),Banglore (KA),"1,002 km",Do Not Know,12-Mar-2025,Others,Canters 17feet / ...,Transporter,View Contact,Quote Now,2025/03/12_12:44:23
Meerut (UP),Noida (UP),73.9 km,Upto 12 MT,12-Mar-2025,Others,Flat Bed Trailers...,Transporter,View Contact,Quote Now,2025/03/12_12:44:23
Varanasi (UP),Bhopal (MP),761 km,Upto 12 MT,12-Mar-2025,Others,Truck 15MT / 10 w...,Transporter,View Contact,Quote Now,2025/03/12_12:44:23
Bareilly (UP),Rajkot (GJ),"1,441 km",Do Not Know,12-Mar-2025,Others,Canters 17feet / ...,Transporter,View Contact,Quote Now,2025/03/12_12:44:23
Amroha (UP),Noida (UP),133 km,Upto 5 MT,12-Mar-2025,Fruits And V...,Canters 17feet / ...,Transporter,View Contact,Quote Now,2025/03/12_12:44:23
Rajkot (GJ),Vapi (GJ),532 km,Upto 12 MT,12-Mar-2025,Others,Truck 15MT / 10 w...,Transporter,View Contact,Quote Now,2025/03/12_12:44:23
Chamrajnagar (KA),Bagafa (TR),"3,753 km",Do Not Know,12-Mar-2025,Others,Canters 19feet / ...,Transporter,View Contact,Quote Now,2025/03/12_12:44:23
Chhindwara (MP),Jaipur (RJ),892 km,Upto 20 MT,12-Mar-2025,Others,Container Close B...,Transporter,View Contact,Quote Now,2025/03/12_12:44:23
Ghaziabad (UP),Noida (UP),26.3 km,Upto 12 MT,12-Mar-2025,Others,Truck 20MT / 12 w...,Transporter,View Contact,Quote Now,2025/03/12_12:44:23
Chamrajnagar (KA),Banglore (KA),184 km,Do Not Know,12-Mar-2025,Packed Food,Canters 17feet / ...,Transporter,View Contact,Quote Now,2025/03/12_12:54:25
Vizag (AP),Banglore (KA),"1,002 km",Do Not Know,12-Mar-2025,Others,Canters 17feet / ...,Transporter,View Contact,Quote Now,2025/03/12_12:54:25
Meerut (UP),Noida (UP),73.9 km,Upto 12 MT,12-Mar-2025,Others,Flat Bed Trailers...,Transporter,View Contact,Quote Now,2025/03/12_12:54:25
Varanasi (UP),Bhopal (MP),761 km,Upto 12 MT,12-Mar-2025,Others,Truck 15MT / 10 w...,Transporter,View Contact,Quote Now,2025/03/12_12:54:25
Bareilly (UP),Rajkot (GJ),"1,441 km",Do Not Know,12-Mar-2025,Others,Canters 17feet / ...,Transporter,View Contact,Quote Now,2025/03/12_12:54:25
Amroha (UP),Noida (UP),133 km,Upto 5 MT,12-Mar-2025,Fruits And V...,Canters 17feet / ...,Transporter,View Contact,Quote Now,2025/03/12_12:54:25
Rajkot (GJ),Vapi (GJ),532 km,Upto 12 MT,12-Mar-2025,Others,Truck 15MT / 10 w...,Transporter,View Contact,Quote Now,2025/03/12_12:54:25
Chamrajnagar (KA),Bagafa (TR),"3,753 km",Do Not Know,12-Mar-2025,Others,Canters 19feet / ...,Transporter,View Contact,Quote Now,2025/03/12_12:54:25
Chhindwara (MP),Jaipur (RJ),892 km,Upto 20 MT,12-Mar-2025,Others,Container Close B...,Transporter,View Contact,Quote Now,2025/03/12_12:54:25
Ghaziabad (UP),Noida (UP),26.3 km,Upto 12 MT,12-Mar-2025,Others,Truck 20MT / 12 w...,Transporter,View Contact,Quote Now,2025/03/12_12:54:25
Chamrajnagar (KA),Banglore (KA),184 km,Do Not Know,12-Mar-2025,Packed Food,Canters 17feet / ...,Transporter,View Contact,Quote Now,2025/03/12_13:04:28
Vizag (AP),Banglore (KA),"1,002 km",Do Not Know,12-Mar-2025,Others,Canters 17feet / ...,Transporter,View Contact,Quote Now,2025/03/12_13:04:28
Meerut (UP),Noida (UP),73.9 km,Upto 12 MT,12-Mar-2025,Others,Flat Bed Trailers...,Transporter,View Contact,Quote Now,2025/03/12_13:04:28
Varanasi (UP),Bhopal (MP),761 km,Upto 12 MT,12-Mar-2025,Others,Truck 15MT / 10 w...,Transporter,View Contact,Quote Now,2025/03/12_13:04:28
Bareilly (UP),Rajkot (GJ),"1,441 km",Do Not Know,12-Mar-2025,Others,Canters 17feet / ...,Transporter,View Contact,Quote Now,2025/03/12_13:04:28
Amroha (UP),Noida (UP),133 km,Upto 5 MT,12-Mar-2025,Fruits And V...,Canters 17feet / ...,Transporter,View Contact,Quote Now,2025/03/12_13:04:28
Rajkot (GJ),Vapi (GJ),532 km,Upto 12 MT,12-Mar-2025,Others,Truck 15MT / 10 w...,Transporter,View Contact,Quote Now,2025/03/12_13:04:28
Chamrajnagar (KA),Bagafa (TR),"3,753 km",Do Not Know,12-Mar-2025,Others,Canters 19feet / ...,Transporter,View Contact,Quote Now,2025/03/12_13:04:28
Chhindwara (MP),Jaipur (RJ),892 km,Upto 20 MT,12-Mar-2025,Others,Container Close B...,Transporter,View Contact,Quote Now,2025/03/12_13:04:28
Ghaziabad (UP),Noida (UP),26.3 km,Upto 12 MT,12-Mar-2025,Others,Truck 20MT / 12 w...,Transporter,View Contact,Quote Now,2025/03/12_13:04:28
Chamrajnagar (KA),Banglore (KA),184 km,Do Not Know,12-Mar-2025,Packed Food,Canters 17feet / ...,Transporter,View Contact,Quote Now,2025/03/12_13:14:30
Vizag (AP),Banglore (KA),"1,002 km",Do Not Know,12-Mar-2025,Others,Canters 17feet / ...,Transporter,View Contact,Quote Now,2025/03/12_13:14:30
Meerut (UP),Noida (UP),73.9 km,Upto 12 MT,12-Mar-2025,Others,Flat Bed Trailers...,Transporter,View Contact,Quote Now,2025/03/12_13:14:30
Varanasi (UP),Bhopal (MP),761 km,Upto 12 MT,12-Mar-2025,Others,Truck 15MT / 10 w...,Transporter,View Contact,Quote Now,2025/03/12_13:14:30
Bareilly (UP),Rajkot (GJ),"1,441 km",Do Not Know,12-Mar-2025,Others,Canters 17feet / ...,Transporter,View Contact,Quote Now,2025/03/12_13:14:30
Amroha (UP),Noida (UP),133 km,Upto 5 MT,12-Mar-2025,Fruits And V...,Canters 17feet / ...,Transporter,View Contact,Quote Now,2025/03/12_13:14:30
Rajkot (GJ),Vapi (GJ),532 km,Upto 12 MT,12-Mar-2025,Others,Truck 15MT / 10 w...,Transporter,View Contact,Quote Now,2025/03/12_13:14:30
Chamrajnagar (KA),Bagafa (TR),"3,753 km",Do Not Know,12-Mar-2025,Others,Canters 19feet / ...,Transporter,View Contact,Quote Now,2025/03/12_13:14:30
Chhindwara (MP),Jaipur (RJ),892 km,Upto 20 MT,12-Mar-2025,Others,Container Close B...,Transporter,View Contact,Quote Now,2025/03/12_13:14:30
Ghaziabad (UP),Noida (UP),26.3 km,Upto 12 MT,12-Mar-2025,Others,Truck 20MT / 12 w...,Transporter,View Contact,Quote Now,2025/03/12_13:14:30
Chamrajnagar (KA),Banglore (KA),184 km,Do Not Know,12-Mar-2025,Packed Food,Canters 17feet / ...,Transporter,View Contact,Quote Now,2025/03/12_13:24:33
Vizag (AP),Banglore (KA),"1,002 km",Do Not Know,12-Mar-2025,Others,Canters 17feet / ...,Transporter,View Contact,Quote Now,2025/03/12_13:24:33
Meerut (UP),Noida (UP),73.9 km,Upto 12 MT,12-Mar-2025,Others,Flat Bed Trailers...,Transporter,View Contact,Quote Now,2025/03/12_13:24:33
Varanasi (UP),Bhopal (MP),761 km,Upto 12 MT,12-Mar-2025,Others,Truck 15MT / 10 w...,Transporter,View Contact,Quote Now,2025/03/12_13:24:33
Bareilly (UP),Rajkot (GJ),"1,441 km",Do Not Know,12-Mar-2025,Others,Canters 17feet / ...,Transporter,View Contact,Quote Now,2025/03/12_13:24:33
Amroha (UP),Noida (UP),133 km,Upto 5 MT,12-Mar-2025,Fruits And V...,Canters 17feet / ...,Transporter,View Contact,Quote Now,2025/03/12_13:24:33
Rajkot (GJ),Vapi (GJ),532 km,Upto 12 MT,12-Mar-2025,Others,Truck 15MT / 10 w...,Transporter,View Contact,Quote Now,2025/03/12_13:24:33
Chamrajnagar (KA),Bagafa (TR),"3,753 km",Do Not Know,12-Mar-2025,Others,Canters 19feet / ...,Transporter,View Contact,Quote Now,2025/03/12_13:24:33
Chhindwara (MP),Jaipur (RJ),892 km,Upto 20 MT,12-Mar-2025,Others,Container Close B...,Transporter,View Contact,Quote Now,2025/03/12_13:24:33
Ghaziabad (UP),Noida (UP),26.3 km,Upto 12 MT,12-Mar-2025,Others,Truck 20MT / 12 w...,Transporter,View Contact,Quote Now,2025/03/12_13:24:33
